R	79.2	82.9	86.6	94	97.7	101.4	105.1	108.8	112.5	116.2	119.9	123.6	127.3	131	134.7	138.4	142.1	145.8	149.5	153.2	156.9	160.6	164.3	168	171.7	175.4	179.1	182.8	186.5	190.2	193.9	197.6	201.3	205	208.7	212.4	216.1	219.8	221.65	227.2	230.9	234.6	238.3	242	245.7	249.4	251.25	256.8	260.5	264.2	267.9	271.6	275.3	279	282.7	286.4	290.1	293.8
1.9801980198	0	0	0	0	0	0	0	0	0	0	0	0	0	0	0	0	0	0	0	0	0	0	0	0	0	0	0	0	0	0	0	0	0	0	0	0	0	0	0	0	0	0	0	0	0	0	0	0	0	0	0	0	0	0	0	0	0	0
3.9603960396	0	0	0	0	6.65823290498702E-005	0.0001214477	0	0	0	0.000913242	0.0003067014	0	0	0	0	0	0	0	0	0	0	0	0	0	0	0	0	0	0	0	0	0	0	0	0	0	0	0	0	0	0	0	0	0	0	0	0	0	0	0	0	0	0	0	0	0	0	0
5.9405940594	0	0	0	0	0	0	0.0001195743	0	0.0021792823	0.00304414	0.0018402086	0.000131268	7.11389343387636E-005	0	0	0	0	0	0	0	0	0	9.8960910440376E-005	0.0001997603	0.0001014507	0	0	0	0	0	0	0	0	0	0	0	0	0	0	0	0.0001072789	0	5.24631446408898E-005	0.0001084011	0.0001680296	0.0002303086	0.0001431516	0.0001165637	5.81632059559123E-005	0	0	0	0	0	0	0	0	0
7.9207920792	0	0	0	0	0.000599241	0.0010930289	0.0004782973	0.0009250694	0.004794421	0.0054794521	0.0023002607	0.0007876083	0.0004268336	0	0.0002996255	0.0001604621	8.52296940253985E-005	0	0	0	0	0	0	0	0	0	0	0	0	0	0	0	0.0001896813	0.0003835827	0.0002856599	0.0001891074	9.5383441434567E-005	0	4.90701212031994E-005	0	0.0004559352	0	0.0002098526	0.0004336043	0.0006721183	0.0009212345	0.0005726065	0.0004662548	0.0002326528	0	0	0	0	0	0	0	0	0
9.900990099	0	0	0	0.0008604794	0.0020640522	0.0029147437	0.0014348918	0.0046253469	0.0135115502	0.0146118721	0.0099677964	0.0043318456	0.0024187238	0.0001457513	0.0007490637	0.0001604621	0.0002556891	0.0003487967	0.000269179	0.0001825484	9.83380863408398E-005	0	9.8960910440376E-005	0.0001997603	0.0002029015	0.0002052545	0.0003129238	0.0003965893	0.0001948938	0	0.0002922268	0.0005480453	0.0004742033	0.0003835827	0.0010474195	0.0017019667	0.0011446013	0.0005773672	0.0007360518	0.0003003003	0.0011532479	0	0.000367242	0.0007588076	0.001176207	0.0016121603	0.0011165827	0.0010490733	0.0007561217	0.0004643603	0.0003603862	0.0002444223	0.0001233831	0	0	0	0	0
11.8811881188	0	0.0003446889	0.0006954103	0.0025814382	0.0062587389	0.0088656789	0.006457013	0.0114972909	0.0252796746	0.0263318113	0.0248428155	0.0094512996	0.0062602262	0.0023320216	0.0056928839	0.0006418485	0.0006818376	0.0006975933	0.0007178107	0.0007301935	0.0004916904	0.0001961169	0.0005937655	0.0009988014	0.0007101552	0.000410509	0.0003129238	0.0001982947	0.0003897876	0.0005748228	0.0004870446	0.0003653635	0.001138088	0.0019179133	0.0046657779	0.0073751891	0.0044830217	0.0015396459	0.0026988567	0.0008008008	0.0028697098	0	0.0006820209	0.0014092141	0.0021843845	0.002994012	0.002376317	0.0025644014	0.0023265282	0.0020896215	0.00181678	0.0014967463	0.0011562011	0.0008090615	0.0006235981	0.0004243938	0.0002137252	0
13.8613861386	0	0.0014362038	0.0028975429	0.0045482483	0.015580265	0.0239251882	0.0170991271	0.0259019426	0.051721633	0.0479452055	0.0412513418	0.0221843003	0.0155794266	0.0072875674	0.0110861423	0.003690629	0.0029830393	0.0020927799	0.0017945267	0.001460387	0.0010817189	0.0005883507	0.0011875309	0.0017978426	0.0013188597	0.0008210181	0.0009387713	0.0009914733	0.0009744689	0.0009580379	0.0011689071	0.0012787724	0.0037936267	0.0063291139	0.0076175966	0.0088880484	0.0068676078	0.0048113934	0.0048088719	0.0026026026	0.0071340449	0.0002033347	0.0023608415	0.0046612466	0.0071132519	0.0096729618	0.0068999084	0.006644131	0.0050601989	0.0034827026	0.0027028966	0.001833167	0.0009253729	0	0	0	0	0
15.8415841584	0	0.0035043373	0.0070700046	0.0081130916	0.0321592649	0.0506436726	0.0373071864	0.0481036078	0.0839750109	0.0759512938	0.0774421101	0.0441060646	0.0300917692	0.0126803673	0.0221722846	0.0070603338	0.0073297537	0.0073247297	0.0061013908	0.0047462578	0.0031468188	0.0011767013	0.0019792182	0.002796644	0.0022319164	0.0016420361	0.0020861583	0.002379536	0.0025336192	0.0026825062	0.0044808104	0.0058458166	0.0071130501	0.0082470272	0.0109502952	0.0136157337	0.0111598626	0.0086605081	0.0081456401	0.0049049049	0.0115324787	0.0008133388	0.0040921253	0.0075880759	0.0113139913	0.0152003685	0.0114521301	0.0115398065	0.009596929	0.0076619457	0.0065314988	0.0052235058	0.0038387525	0.0024271845	0.0018707944	0.0012731814	0.0006411755	0
17.8217821782	0	0.0049979893	0.0100834492	0.0168408113	0.0567947267	0.0869565217	0.0825062777	0.0766486058	0.1255266599	0.104109589	0.1199202576	0.0800735101	0.0571957032	0.0282757616	0.0364044944	0.0120346598	0.010312793	0.008022323	0.0070883804	0.0060240964	0.004523552	0.0025495195	0.0036615537	0.0047942469	0.0038551283	0.0028735632	0.0034421613	0.0037675987	0.0043851101	0.0049817973	0.0081823495	0.0105955426	0.0145106222	0.0182201764	0.0244715292	0.0306354009	0.024418161	0.0180908391	0.0181559448	0.0114114114	0.0219385292	0.0040666938	0.0090236609	0.0143089431	0.0199395094	0.0257945647	0.0207856161	0.0215642849	0.0192520212	0.0169491525	0.0143243493	0.0113024895	0.0081093457	0.0048543689	0.0039336297	0.0029384467	0.0018747125	0.0007955449
19.801980198	0.0002059096	0.0083299822	0.0165739453	0.0242163491	0.0917504494	0.1434296818	0.1241181394	0.1218448526	0.1740520122	0.1438356164	0.1680723815	0.1371751116	0.0990253966	0.0505757178	0.0605243446	0.0284017972	0.0226710986	0.015521451	0.0143562135	0.0129609346	0.0095387944	0.005099039	0.0060366155	0.0069916101	0.0068986507	0.006773399	0.0089704809	0.0105096173	0.0100370298	0.0095803794	0.0172413793	0.0232005846	0.027977997	0.0322209436	0.0401828223	0.0480332829	0.0393933613	0.0306004619	0.0315520879	0.023023023	0.0373062275	0.0144367629	0.0209852579	0.0279674797	0.0353982301	0.0430677107	0.0355016033	0.0354353654	0.0312918048	0.0271650801	0.0240082246	0.0202513943	0.0162325692	0.0121359223	0.0103781898	0.008457021	0.0063651389	0.0042429064
21.7821782178	0.0003088644	0.0140173493	0.0279323134	0.0472034419	0.1504760637	0.2278358028	0.2213320579	0.1784062376	0.2381229115	0.198173516	0.2171446097	0.1963770018	0.1509568187	0.091240344	0.0966292135	0.0436456996	0.0360521606	0.0263341472	0.022252131	0.0177071924	0.0115055561	0.0039223377	0.0068283028	0.0097882541	0.0076088059	0.0053366174	0.0099092521	0.0136823319	0.0149093744	0.0160950374	0.0286382233	0.0383631714	0.0459977238	0.052742616	0.063606932	0.0743192133	0.0644792064	0.0544649731	0.0540262034	0.0425425425	0.0602102666	0.0288735258	0.037353759	0.046395664	0.0560098577	0.0658682635	0.0557146129	0.0551346311	0.0492642354	0.0434176921	0.0387672049	0.0331714809	0.0271617271	0.0210355987	0.0190941637	0.0169154967	0.0144422771	0.0119331742
23.7623762376	0.0004118192	0.0201643017	0.0402178952	0.0717885679	0.2139290232	0.3192858878	0.3130455578	0.2306065812	0.3036466657	0.2456621005	0.2922864591	0.2671304804	0.2137013588	0.1412330564	0.1345318352	0.0683568678	0.0566777465	0.0416811999	0.0375953342	0.0328587076	0.0225194218	0.0096097274	0.0111825829	0.0127846584	0.011159582	0.0094417077	0.0191926567	0.0273646639	0.0284544923	0.0295075685	0.0460744204	0.0582754841	0.0645864947	0.0694284618	0.088554561	0.1074130106	0.0980541778	0.0885296382	0.0849403798	0.0703703704	0.0860108352	0.0494103294	0.0576045328	0.0663414634	0.0756133079	0.0849838784	0.0726637655	0.069238839	0.060722387	0.0522405387	0.0481500897	0.0429745033	0.0373187109	0.0315533981	0.0286732523	0.0254385924	0.0217621425	0.0180323522
25.7425742574	0.0011325028	0.0344114437	0.0681502086	0.1081745544	0.2942273121	0.4298032548	0.4198254215	0.3192810889	0.3938689525	0.2879756469	0.3537800951	0.3836965083	0.3093832254	0.2078414225	0.1865168539	0.1038189987	0.0877013552	0.0666201604	0.0554508748	0.0430814166	0.0313698495	0.0162777015	0.0185056903	0.0207750699	0.0201886984	0.019499179	0.0296234484	0.0374776919	0.0427791853	0.0479018969	0.0707188778	0.0869565217	0.1037556904	0.1185270426	0.1368310798	0.1548789713	0.1419305609	0.1287528868	0.1258157908	0.1077077077	0.1232634233	0.0827572184	0.0907087771	0.0991869919	0.1081550353	0.1169967757	0.1044147962	0.1000116564	0.0906182749	0.0812630601	0.07652549	0.0701562781	0.0630594728	0.0558252427	0.0516701077	0.0469269459	0.0414033047	0.0357995227
27.7227722772	0.0052506949	0.0496926524	0.0943439963	0.1520590043	0.3827818097	0.5479718241	0.5741958627	0.4004228889	0.4557605695	0.3761035008	0.4531513572	0.5089262274	0.4187949065	0.2929602099	0.2653183521	0.1338254172	0.1132702634	0.0863271713	0.0711529834	0.0543994158	0.039826925	0.0209845068	0.025432954	0.0299640431	0.0282033073	0.026272578	0.0405757797	0.0517549078	0.056519197	0.0611228205	0.0989674654	0.1273291925	0.1478566009	0.1653241273	0.1895829366	0.2135022693	0.1960129721	0.1782140108	0.1751312626	0.1515515516	0.1663090704	0.1195607971	0.1270657363	0.1350677507	0.1434972555	0.1515430677	0.1410329821	0.1377782958	0.1297039493	0.12166241	0.1145105209	0.104913783	0.0942270289	0.0833333333	0.0767132606	0.0691980124	0.0605171907	0.0517104216
29.702970297	0.0125604859	0.0703165393	0.1277236903	0.2216349109	0.4837206205	0.6633470974	0.6973574076	0.4992731598	0.5570245532	0.4322678843	0.5445483821	0.6079023366	0.5208792772	0.392216878	0.3415730337	0.1859756098	0.1572487855	0.1196372515	0.1030955585	0.0845198978	0.0601829088	0.029221416	0.035329045	0.0415501398	0.0387541848	0.0357142857	0.0573693543	0.0745587944	0.0895536932	0.1040429201	0.1477693357	0.1779320424	0.1947078907	0.2069428462	0.2427156732	0.2779878971	0.2570583747	0.2357582756	0.236861475	0.2134134134	0.2250442525	0.1844245628	0.1894968784	0.1949051491	0.2005152907	0.2052049747	0.1934264773	0.1851031589	0.1734426802	0.1618295798	0.1575814941	0.1502639214	0.1415592824	0.1326860841	0.1203859441	0.1065871608	0.0909303636	0.0750464068
31.6831683168	0.0242973335	0.1103004538	0.1951784886	0.3095267363	0.6061655237	0.7998542628	0.8347482961	0.6158319017	0.6460845562	0.503805175	0.6525072842	0.7428458913	0.644661023	0.4959918379	0.4205243446	0.2496790757	0.21171056	0.1618416463	0.1371915657	0.1097115736	0.0812272593	0.0441262993	0.0478970807	0.0517379145	0.0507253728	0.0494663383	0.0778137061	0.1001388063	0.1118690314	0.1232036789	0.1918955776	0.2424187066	0.2642261002	0.279823552	0.3104170634	0.3405824508	0.3261159863	0.3113933795	0.3050198734	0.27997998	0.2883656064	0.2397315982	0.2450553486	0.2507317073	0.2565811583	0.2611699678	0.2478527256	0.2375568248	0.2236956901	0.2098908753	0.1997575191	0.1854827789	0.1693538627	0.1529126214	0.1450018149	0.135624947	0.124114484	0.1124370194
33.6633663366	0.049109441	0.1515482277	0.2504636069	0.4090964966	0.7202210533	0.9095214962	0.9275379648	0.7157393947	0.7463315415	0.5818873668	0.7293359914	0.8447098976	0.7488795618	0.5964145168	0.5423220974	0.3342426187	0.2853490156	0.2206138821	0.1874383131	0.1504198613	0.112793785	0.0633457541	0.0691736764	0.0751098682	0.0729430861	0.0704022989	0.1085845416	0.1384096768	0.1630286494	0.186817398	0.2554061952	0.3008768725	0.3272003035	0.3457997699	0.3857360503	0.4251134644	0.4029950401	0.3804849885	0.3767603906	0.3456456456	0.354181194	0.3001220008	0.3048108704	0.3098102981	0.3148874202	0.3182865039	0.3003893724	0.2838326145	0.2641191182	0.2444857209	0.2402592362	0.2314714649	0.2206143158	0.2095469256	0.196783412	0.1819307298	0.1641518832	0.1461150888
35.6435643564	0.0854524864	0.221864767	0.3514140009	0.5339889367	0.8096411212	0.9492348798	0.9710630157	0.8303158451	0.8109835827	0.6855403349	0.8043244901	0.9241270675	0.8573664367	0.7305057572	0.6677153558	0.4321245186	0.3618000511	0.2706662016	0.2318528488	0.1883899233	0.1402301111	0.077270053	0.0841167739	0.0910906912	0.092928883	0.0944170772	0.1465526233	0.1873884593	0.217209121	0.2460241426	0.3332359244	0.390390939	0.4224203338	0.444380514	0.4905732241	0.5361195159	0.4921785578	0.4474595843	0.4580695814	0.4179179179	0.433272542	0.3761691745	0.3806201144	0.3853658537	0.3901086591	0.3926761861	0.3756584975	0.358783075	0.3387425115	0.3187833759	0.3104037226	0.2959771784	0.2788181559	0.2613268608	0.2471919233	0.2305258506	0.2102127234	0.1896048793
37.6237623762	0.1478430969	0.3144711898	0.4680111266	0.6577750461	0.9045209401	1	1	0.894938549	0.8929245968	0.7893455099	0.8779328324	0.9586505645	0.9161983353	0.8127095176	0.7535580524	0.5178112965	0.4454956107	0.3487966516	0.2980708838	0.2413289522	0.185662307	0.1110021573	0.1150915388	0.1192568917	0.1260018261	0.1323891626	0.1882757901	0.2300218124	0.2609627753	0.2908603181	0.4033703487	0.4791742784	0.4981980273	0.5044112006	0.5451342601	0.5852874433	0.5621900038	0.5386836028	0.5373178272	0.5061061061	0.5088773266	0.4589263928	0.4604690205	0.4621138211	0.4634815728	0.4619990788	0.445860055	0.4253409488	0.4033618333	0.3814720223	0.3643219977	0.3396890297	0.3117012572	0.283171521	0.2757435615	0.2659015984	0.2521173554	0.2381331212
39.603960396	0.2342221765	0.4209226173	0.5855354659	0.7665642286	0.9541913576	0.9831187758	0.9922276695	0.9709263909	0.9539445009	0.8449010654	0.9783775495	1	0.9847762681	0.9073021425	0.8426966292	0.6283697047	0.551265661	0.4450645274	0.3850157021	0.3174516247	0.2457468778	0.1490488331	0.1520039584	0.1550139832	0.1644516587	0.1734400657	0.2382392824	0.2853460242	0.3362892224	0.3855144664	0.4938632379	0.5586408476	0.5765364188	0.579401611	0.6316892021	0.6832450832	0.6656810378	0.6478060046	0.6401197311	0.6072072072	0.5923134689	0.54900366	0.5435181785	0.5376693767	0.5309734513	0.5204974666	0.5104214384	0.4865368924	0.4654219741	0.4443928489	0.441045344	0.4295572393	0.4143594241	0.3988673139	0.3707433339	0.3384831227	0.3006483534	0.2622646513
41.5841584158	0.339441985	0.5428850462	0.7131432545	0.8885064536	1	0.9461986884	0.9097213918	1	0.9888130176	0.9144596651	0.9832847723	0.973352586	1	0.9680804547	0.9243445693	0.7155006418	0.6366658144	0.5251133589	0.4502467474	0.3663745893	0.2949159209	0.1945479506	0.1914893617	0.1883739513	0.20543776	0.2220853859	0.3071868155	0.3694229625	0.4061586435	0.4416554896	0.5644847068	0.6375593716	0.6696699545	0.6848868431	0.7259569606	0.7664523449	0.7518122854	0.73691301	0.7269247755	0.6938938939	0.6840637236	0.6309475397	0.6286133991	0.6261246612	0.6229416377	0.615614924	0.5960261109	0.5651008276	0.5349851684	0.5049918737	0.4989981005	0.4836777271	0.4641156452	0.4441747573	0.4230125148	0.3976674172	0.3661269531	0.3341288783
43.5643564356	0.4823432513	0.6759349687	0.8207000464	0.9536570375	0.9972035422	0.8767306291	0.8122683248	0.9672261134	1	0.9631659056	0.9924858151	0.9066684169	0.9632211709	0.9667686926	0.9677902622	0.8040757381	0.7262422228	0.6121381235	0.5317182593	0.4410368748	0.3561805487	0.2365169641	0.2424542306	0.2485017978	0.256467485	0.263546798	0.3616355481	0.4328772556	0.482946794	0.5313278406	0.6601402688	0.7314578005	0.7680197269	0.7851937092	0.8214625786	0.8572239032	0.8304082411	0.8031177829	0.8073507042	0.7754754755	0.7639596631	0.7267181781	0.7203189759	0.713495935	0.7056121877	0.6927683095	0.6783669262	0.646695419	0.6181585529	0.5897376364	0.5760810246	0.5513018652	0.5214897399	0.4911003236	0.4784493	0.4616213378	0.4379566182	0.4139485548
45.5445544554	0.6148460826	0.7877290745	0.8970792768	0.9938537185	0.9453359079	0.7424095215	0.6940093268	0.9225584776	0.9577219236	1	1	0.8451037018	0.9460766878	1	1	0.8899229782	0.8189721299	0.7085803976	0.6169582773	0.5135085798	0.4254105615	0.296724848	0.2875804057	0.2782660807	0.3041493355	0.3294334975	0.4312089288	0.50148721	0.5563243033	0.6093121288	0.7283265147	0.7849835586	0.80823217	0.8103183736	0.8547895639	0.8986384266	0.8806753148	0.8623941493	0.8713872123	0.8533533534	0.8207370058	0.8222854819	0.8049420282	0.7864498645	0.7660468242	0.7395209581	0.7400652771	0.7094066908	0.6884197057	0.667517994	0.6559499217	0.6319272053	0.602254138	0.5720064725	0.5563644187	0.5358195103	0.5073104177	0.4783876956
47.5247524752	0.7573355297	0.8905612685	0.9441353732	1	0.8750249684	0.6080884139	0.5670214038	0.8428703581	0.9237251199	0.9838660578	0.9621223739	0.7341822001	0.8810557018	0.989943157	0.9787265918	0.935012837	0.8674678258	0.7588071155	0.6941229251	0.6179262505	0.5145048677	0.3622278878	0.3526966848	0.3429884139	0.3695850665	0.395320197	0.5029727756	0.5742613524	0.63730267	0.6982180494	0.82368985	0.8790646693	0.9016502276	0.9004602992	0.915825557	0.9309757943	0.9306562381	0.9303310239	0.9267873792	0.9139139139	0.8984337285	0.8735258235	0.8677928755	0.8616802168	0.8544303797	0.8413173653	0.8222915712	0.784823406	0.7498982144	0.7151149292	0.7131738826	0.6982524822	0.677402547	0.6561488673	0.6450956976	0.6287055584	0.6031881169	0.5773004508
49.504950495	0.8716153609	0.9820187281	1	0.9700061463	0.7860709768	0.4754675735	0.4423053928	0.7615964054	0.7986343164	0.9211567732	0.8716454532	0.6060645839	0.7760546347	0.9170674829	0.9429213483	1	0.942896105	0.8425183118	0.780439659	0.7059145674	0.5961254794	0.430476564	0.4187036121	0.4067119457	0.4275134422	0.447044335	0.5785960154	0.6680547293	0.7132137985	0.7568499713	0.8712254042	0.9123127512	0.9474582701	0.9581894898	0.9573414588	0.956505295	0.9531667303	0.9497690531	0.9522547721	0.9422422422	0.9266212519	0.9105327369	0.9034153507	0.8958265583	0.8869721071	0.8719484109	0.8604557948	0.828651358	0.8000348979	0.7715347109	0.7741245089	0.7628722446	0.7452795962	0.7273462783	0.7066297487	0.6796444535	0.6425311307	0.6048793423
51.4851485149	0.935756203	1	0.9640704682	0.8791641057	0.6656901258	0.3456400291	0.3260791582	0.6434518303	0.7092837426	0.8604261796	0.8001840209	0.5073510108	0.6850679377	0.8402565224	0.9107116105	1	0.9821017643	0.9227415417	0.8605652759	0.7849580139	0.670862425	0.4946067856	0.4813458684	0.4678385937	0.497007203	0.5248357964	0.6564097215	0.7408288717	0.7873708829	0.8323433608	0.919345412	0.930580928	0.9776176024	1	1	1	1	1	1	0.9904904905	0.9761036314	0.9554697031	0.9496353811	0.9434146341	0.9359807326	0.9221556886	0.9225549702	0.9040680732	0.8875705229	0.8711400046	0.8619596238	0.836730511	0.8041980392	0.7710355987	0.7632849298	0.7494810867	0.7249582179	0.7000795545
53.4653465347	1	0.9870167174	0.8655540102	0.7606637984	0.5393168653	0.2322079184	0.2218103551	0.5172459363	0.5764928084	0.7945205479	0.6836374789	0.3951168286	0.5817030661	0.7530972161	0.8362546816	0.9736842105	0.9937782323	0.9752354377	0.9143113504	0.8393574297	0.7382240142	0.5705040204	0.550222662	0.5295645226	0.5660951608	0.6011904762	0.7207677063	0.7894110648	0.8428181641	0.8944242192	0.9879212936	1	1	0.9723820483	0.9693391735	0.9663388805	0.9670927127	0.9678598922	0.9824819667	0.9892892893	0.984980958	0.9869865799	0.9830544043	0.9788617886	0.9735633471	0.9617687702	0.9578561612	0.9368224735	0.9165939627	0.8964476434	0.8913527754	0.8698938297	0.8409712838	0.8114886731	0.7993298705	0.7806335679	0.7506509679	0.7202333599
55.4455445545	0.9673633275	0.9079106107	0.7426981919	0.6220036878	0.4194020907	0.1504736459	0.1446849217	0.3882648341	0.4708702601	0.6768645358	0.5696978991	0.3142557102	0.4873728392	0.6496137589	0.7351310861	0.9626123235	1	1	0.9634813818	0.9134720701	0.8247615301	0.6634634242	0.6514596734	0.6392329205	0.6499949275	0.6582512315	0.7846041515	0.8556414832	0.9028454492	0.9484575589	1	0.9711362806	0.9776176024	0.9574223245	0.9510569415	0.9447806354	0.9603204884	0.9761354888	0.9842484911	1	1	1	1	1	0.9991598521	0.9919391985	0.9861142923	0.9677118545	0.9475949514	0.9275597864	0.9305168902	0.9168272713	0.8955132055	0.8737864078	0.8699437275	0.8594470909	0.8368090109	0.8138424821
57.4257425743	0.8831462988	0.7965186419	0.612772369	0.503995083	0.3194620148	0.0847704639	0.0892024393	0.2705167173	0.362923144	0.5753424658	0.4620456985	0.2289314781	0.3970263925	0.559247923	0.6313108614	0.8920089859	0.9586635984	0.9921520753	0.9786451323	0.9525374224	0.8731438686	0.7179839184	0.7061850569	0.6941669996	0.7188799838	0.7411740558	0.85928862	0.917509419	0.9364646268	0.9547806093	0.9973699591	0.9601753745	0.9758156297	0.9652857691	0.9376309274	0.9103630862	0.925887066	0.9416859122	0.9551008391	0.9766766767	0.9811725581	0.9890199268	0.9900844657	0.9912195122	0.9915985213	0.985720866	0.9887769125	0.9810001166	0.970627581	0.9602971906	0.9810845435	0.9852521879	0.9817377908	0.9781553398	0.9558930579	0.9254336289	0.8813605874	0.836648104
59.4059405941	0.7599093998	0.662147412	0.4804126101	0.3622618316	0.2215194087	0.0461501093	0.0512973813	0.1990220695	0.2593345925	0.4662100457	0.3496396258	0.1583092675	0.3063242513	0.4518291794	0.522247191	0.8427471117	0.9333503793	0.9938960586	1	0.994158452	0.9281148589	0.7828986076	0.7667491341	0.7502996404	0.7796489804	0.8064449918	0.9028893293	0.9373388856	0.9537127266	0.9695343936	0.9755503604	0.9051881622	0.93465478	0.9397775221	0.9048752619	0.8704614221	0.8984166349	0.9268668206	0.9354237205	0.9653653654	0.9770691412	0.981699878	0.987671161	0.9940379404	1	1	1	0.9951043245	0.9845285872	0.9739958208	0.9829390446	0.9746045705	0.9583336096	0.9417475728	0.9401217518	0.9314292742	0.9096540921	0.8875629806
61.3861386139	0.6102131164	0.5133566956	0.3487482615	0.2462200369	0.1458153006	0.0227107117	0.0259476264	0.1266023523	0.1874182769	0.3683409437	0.2562490416	0.1075085324	0.2243721989	0.340329398	0.4149812734	0.7345956354	0.8552799795	0.9516916638	0.9811574697	1	0.9736453929	0.8674249853	0.8556160317	0.8435876948	0.8653748605	0.8840311987	0.9752790237	1	1	1	0.974868498	0.8748629887	0.9014605463	0.9044879171	0.8525042849	0.8012481089	0.8416634872	0.8827944573	0.885813828	0.9237237237	0.9424448855	0.9436762912	0.9545669167	0.9661788618	0.9777640865	0.9838783971	0.9910387082	1	1	1	1	0.9819426802	0.9556274229	0.928802589	0.9394261529	0.9435896929	0.9348652961	0.9260143198
63.3663366337	0.4581488726	0.3722065836	0.2351645804	0.1539028888	0.0890205739	0.0103230508	0.0124357288	0.0724197172	0.1261078018	0.2621004566	0.1910749885	0.0670779732	0.1681013018	0.2699314969	0.3360299625	0.6511553273	0.7870962243	0.9028601325	0.9455361148	0.9786418401	0.9874127249	0.9178270249	0.9079663533	0.897922493	0.917419093	0.9334975369	0.9967664546	0.9930596867	0.9634574157	0.9348534202	0.9137931034	0.8224333212	0.8363998483	0.8279631761	0.7725195201	0.7178517398	0.7649752003	0.8129330254	0.821041268	0.8720720721	0.9054336748	0.9125660838	0.9296993862	0.9479674797	0.9666741346	0.9804237678	0.9766090243	0.9821657536	0.9750479846	0.9679591363	0.9922970515	1	1	1	1	0.9925681687	0.9712465023	0.9496154866
65.3465346535	0.3187480696	0.250014362	0.1455725545	0.0979717271	0.0546640921	0.0029147437	0.0062178644	0.0421567332	0.0764201656	0.1910197869	0.1272810919	0.0417432397	0.1179483531	0.1953068066	0.2561797753	0.5620988447	0.706128015	0.8339727939	0.8994167788	0.9569185834	1	0.9662678957	0.9477486393	0.9288853376	0.9428832302	0.9532019704	0.9939501408	0.9686694428	0.9432859092	0.9187583828	0.8684979544	0.7528315674	0.7683990895	0.7635212888	0.7179584841	0.6730332829	0.714994277	0.7576982294	0.7674566956	0.8152152152	0.8654186558	0.8554290362	0.8802266408	0.9066666667	0.9341324073	0.9573929065	0.95510765	0.9722578389	0.9718490083	0.9714418389	0.987003224	0.9855624771	0.976285301	0.966828479	0.9865950593	1	1	1
67.3267326733	0.1910841141	0.1480438904	0.0835651368	0.0490473264	0.0274319196	0.0015788195	0.001913189	0.0192943042	0.0476536394	0.1315068493	0.0797423708	0.0262536099	0.0845841929	0.1441480834	0.2011985019	0.461970475	0.6154436206	0.7572375305	0.8480035891	0.9326396495	0.9999016619	0.9921553246	0.9830776843	0.9738314023	0.9762605255	0.9745484401	1	0.9595478882	0.92194504	0.8856102702	0.8034287941	0.6624040921	0.6744119879	0.6683927886	0.6381641592	0.6083585477	0.6333460511	0.6587759815	0.6791304775	0.7207207207	0.789357936	0.76799512	0.7989612297	0.8319783198	0.866528509	0.8977429756	0.8970739808	0.9244667211	0.9304368057	0.9363826329	0.9556981813	0.9587748276	0.9543493557	0.9498381877	0.9717071175	0.9874282808	0.989983064	0.9925749138
69.3069306931	0.1057345825	0.0805997587	0.043579045	0.0220036878	0.0119848192	0.0001214477	0.0003587229	0.0097793049	0.0235362487	0.0898021309	0.048612176	0.0135206091	0.0538521733	0.0953213817	0.1372284644	0.3648908858	0.525355834	0.6784094873	0.7730820996	0.8627236218	0.9603697512	0.9884291037	0.9920831272	0.995805034	1	1	0.988734745	0.9135435257	0.8620152017	0.8122245641	0.7379699981	0.609609061	0.6220599393	0.6179516686	0.5737954675	0.5302571861	0.5578023655	0.5858352579	0.6110702193	0.6611611612	0.729844982	0.7240748272	0.7540527779	0.7860162602	0.8194802285	0.849838784	0.8612288136	0.9004545984	0.9186878381	0.9368469933	0.9550833573	0.9570350193	0.951467852	0.9457928803	0.9625078351	0.9728903231	0.9701563235	0.9673826571
71.2871287129	0.0495212602	0.0380306773	0.0209782105	0.0118008605	0.0064584859	0.0001214477	0.0001195743	0.0040967358	0.0126398373	0.0543378995	0.0260696212	0.005250722	0.0328661877	0.0615070689	0.0982771536	0.2828947368	0.4326259269	0.5777816533	0.6721399731	0.7626871121	0.912282427	1	1	1	0.994826012	0.9852216749	0.954730364	0.8631766805	0.7941921653	0.7275340103	0.6464056108	0.5186335404	0.535375569	0.5381664749	0.4914302038	0.4453479576	0.482067913	0.5194380293	0.5343736199	0.5841841842	0.6667918253	0.6378609191	0.6769844184	0.718699187	0.7626302229	0.8044679871	0.8056573523	0.8464856044	0.8608154481	0.8750870676	0.9016908126	0.9134151666	0.9182305394	0.9231391586	0.9503602154	0.9718549498	0.9805606875	0.989392734
73.2673267327	0.0202820962	0.0152812087	0.0079972184	0.0031960664	0.0017311406	0	0	0.0006607638	0.0045038501	0.0289193303	0.0130348106	0.0021002888	0.0173579	0.0332313074	0.0656179775	0.2089216945	0.3442427342	0.4773282176	0.5878869448	0.6964220518	0.8577047891	0.962345558	0.9787234043	0.9954055134	0.9886375165	0.9774220033	0.9318869302	0.827285346	0.7519976613	0.6792488983	0.5847457627	0.4490317866	0.4616843703	0.4622171078	0.4152542373	0.3689485628	0.401468905	0.43456505	0.4564011973	0.5097097097	0.5859840154	0.5762505083	0.6106185405	0.6472628726	0.685840708	0.7224781207	0.7307890518	0.7739829817	0.7936951085	0.8133271419	0.8422519643	0.8574930848	0.8663629286	0.8754045307	0.9080627554	0.9355759782	0.9509698726	0.9665871122
75.2475247525	0.0052506949	0.0040213707	0.0022021326	0.0007375538	0.000399494	0	0	0.0005286111	0.0027604242	0.0158295282	0.0056739764	0.0010501444	0.0109553959	0.0212796968	0.0365543071	0.1628690629	0.2777635728	0.391349843	0.5043517272	0.6164658635	0.7997836562	0.9327319082	0.9387431964	0.9448661606	0.9359845795	0.9228243021	0.8550119954	0.7338885584	0.6734554668	0.6150603564	0.5110072083	0.3719400804	0.3930197269	0.4042961258	0.361359741	0.3190242057	0.3447157573	0.3708622017	0.3973207714	0.4487487487	0.5210802982	0.5197234648	0.5509154819	0.5841734417	0.6191889773	0.6524643022	0.6683176821	0.7161673855	0.7425114872	0.7687485489	0.8002432893	0.8189483951	0.8316810155	0.8446601942	0.8850701753	0.9208866544	0.9450203086	0.9695041103
77.2277227723	0.0018531865	0.0012638594	0.0004636069	0	0	0	0	0.0001321528	0.0007264274	0.0094368341	0.0038337678	0.0006563402	0.0081809774	0.0160326483	0.0244194757	0.1068677792	0.212818546	0.3193233345	0.422252131	0.524826579	0.7276035008	0.8872327907	0.8977733795	0.9085097883	0.8997666633	0.8869047619	0.8008761865	0.6656751933	0.6003702982	0.5372676758	0.4428209624	0.3182316405	0.3290022762	0.3312236287	0.2982289088	0.2656959153	0.2883441435	0.3113933795	0.3347072967	0.3801801802	0.4652952851	0.4432696218	0.4811919626	0.5216260163	0.5643553265	0.6061722708	0.6157810353	0.666278121	0.6912115396	0.7160436499	0.7558286964	0.7840632375	0.8068594461	0.8300970874	0.8721810552	0.9098495058	0.9360394558	0.9626093874
79.2079207921	0.0009265932	0.0005744815	0.0001159017	0	0	0	0	0	0	0.004261796	0.0006134029	0.0003938041	0.0033435299	0.0064130593	0.0148314607	0.0733311938	0.1507713287	0.2288106034	0.3415881561	0.4554581964	0.6451961845	0.7974112571	0.8272142504	0.8575709149	0.848026783	0.8345648604	0.7382914363	0.5972635336	0.5210485286	0.4474037172	0.3572959283	0.2435147972	0.2601479514	0.2704257768	0.2380498953	0.2061270802	0.2237695536	0.2417244034	0.2665979685	0.309009009	0.3965295285	0.3723058154	0.4108388857	0.4519241192	0.4954071917	0.5384615385	0.5495018323	0.6031005945	0.6308381318	0.6584629673	0.7062647539	0.7438337235	0.7765355132	0.8098705502	0.8361067506	0.8574173831	0.8675110981	0.8777512596
81.1881188119	0	0	0	0	0	0	0	0	0	0.001065449	0.0009201043	0	0.0013516398	0.0027692756	0.007340824	0.0466944801	0.1096906162	0.1737007325	0.2577837595	0.3426433005	0.5502999312	0.7293586978	0.7588322613	0.7888533759	0.7830983058	0.7738095238	0.6679879003	0.5223081499	0.4567335802	0.3933703775	0.3071303331	0.2009499452	0.2084597876	0.2105868815	0.1981527328	0.185892587	0.1920068676	0.1982294072	0.2260660484	0.2596596597	0.3482003969	0.3180154534	0.3560148995	0.3965311653	0.4394533438	0.4822662368	0.488376088	0.5368924117	0.5601116734	0.5832365916	0.6180407523	0.6435198627	0.6645979216	0.6860841424	0.7337827655	0.7783701122	0.8134861332	0.8491116415
83.1683168317	0	0	0	0	0	0	0	0	0	0.000304414	0.0001533507	0	0.0009248061	0.0018947675	0.0028464419	0.0263157895	0.0816500469	0.1384722707	0.2178555406	0.2982840453	0.4896253319	0.6560109825	0.6805541811	0.705553336	0.6991985391	0.6896551724	0.5763012413	0.4293079516	0.3714675502	0.3155776969	0.2383596337	0.1461454147	0.159522003	0.169159954	0.1498762141	0.1308623298	0.1399275086	0.1491531948	0.1772412778	0.2147147147	0.2929785979	0.2785685238	0.3115261529	0.3466666667	0.3838915649	0.4210041456	0.4267063674	0.4691689008	0.4896760309	0.5100998375	0.5458716006	0.5736725134	0.5976878787	0.6221682848	0.674020282	0.7234090843	0.7642194155	0.805621851
85.1485148515	0	0	0	0	0	0	0	0	0.000290571	0	0.0001533507	0	0.0001422779	0.0002915027	0.0010486891	0.0155648267	0.0532685588	0.092082316	0.1596231494	0.2283680175	0.4186252336	0.5895273583	0.6122711529	0.635437475	0.619458253	0.6003694581	0.4965056848	0.3638707119	0.3078347301	0.2536884461	0.1912137152	0.11673365	0.1280349014	0.1363636364	0.118072748	0.1000378215	0.1113124762	0.122786759	0.1416163698	0.1720720721	0.245722255	0.2198047987	0.252452652	0.2872628726	0.3241850566	0.3613542146	0.3614864865	0.3985312974	0.4140638632	0.4295333179	0.4743726571	0.5130103289	0.5486359599	0.5849514563	0.6391254483	0.6912095914	0.7352350355	0.779899231
87.1287128713	0	0	0	0	0	0	0	0	0	0	0	0	0.0001422779	0.0002915027	0.0005992509	0.0093068036	0.0327282025	0.0568538542	0.1100942127	0.1644760862	0.3398564264	0.5010786429	0.5282533399	0.5559328805	0.5645733996	0.5710180624	0.4533222072	0.3101328574	0.2503410641	0.1925656256	0.1460159751	0.0902447936	0.1024279211	0.11238972	0.0946486384	0.0771558245	0.0890881343	0.1012317167	0.1162471171	0.1436436436	0.2153355147	0.1848312322	0.2173023451	0.2519241192	0.2886748068	0.3258866882	0.327989006	0.3672922252	0.385214913	0.4030647783	0.4491496333	0.4895539531	0.527179669	0.5655339806	0.6073875305	0.6467821503	0.6783727257	0.7104216388
89.1089108911	0	0	0	0	0	0	0	0	0	0	0	0	7.11389343387636E-005	0.0001457513	0.0001498127	0.0048138639	0.021733572	0.0392396233	0.0823687752	0.1265060241	0.2849837742	0.4324377329	0.4526472044	0.4732321215	0.4714416151	0.4675697865	0.3710232607	0.2536188777	0.2058078347	0.1596091205	0.1127021235	0.0591888929	0.0717943854	0.0830456463	0.06817749	0.0535173979	0.0603777184	0.0673595073	0.0827812945	0.1055055055	0.1703320281	0.143147621	0.1719741881	0.2027100271	0.2353534222	0.2685398434	0.2662620247	0.2971208766	0.3091374397	0.3211051776	0.3781298676	0.4313332706	0.4825654199	0.534789644	0.5651908715	0.5928844412	0.6131870099	0.6337841421
91.0891089109	0	0	0	0	0	0	0	0	0	0	0	0	0	0	0	0.0028883184	0.0152561152	0.0280781304	0.0584118439	0.0894487039	0.2305044744	0.363600706	0.3700148441	0.3765481422	0.3815562544	0.3850574713	0.301554188	0.2012690859	0.1629312025	0.1258861851	0.0895187999	0.0478626233	0.0530159332	0.0569620253	0.0496095982	0.0423600605	0.0452117512	0.0481139338	0.0621718436	0.0793793794	0.1378265301	0.1104107361	0.1362467866	0.1637940379	0.1930659796	0.2229387379	0.2230016033	0.2530597972	0.2662129937	0.2793127467	0.3217049353	0.3605231962	0.3975407292	0.4352750809	0.486631905	0.5368938592	0.5811726532	0.6260938743
93.0693069307	0	0	0	0	0	0	0	0	0	0	0	0	0	0	0	0.0014441592	0.0089491179	0.0167422393	0.0388515029	0.0615188025	0.1717966368	0.2765248088	0.2905492331	0.304834199	0.315106016	0.3243021346	0.2458537603	0.1540749554	0.126583512	0.1000191608	0.0697447886	0.0354402631	0.0384104704	0.0404679708	0.0355170444	0.0306354009	0.0359595574	0.0413779831	0.0503950145	0.0650650651	0.1082175616	0.0884505897	0.1079166885	0.1286720867	0.1507225272	0.1731920774	0.1797698122	0.2091152815	0.2255569127	0.241931739	0.2815764477	0.3182269759	0.3533526836	0.3891585761	0.4375799417	0.485126848	0.5273275587	0.5701405463
95.0495049505	0	0	0	0	0	0	0	0	0	0	0	0	7.11389343387636E-005	0.0001457513	0	0.0006418485	0.0051990113	0.0099407046	0.0245850157	0.0396129974	0.1270528076	0.2108256521	0.2248391885	0.2391130643	0.2443948463	0.2487684729	0.1848336289	0.1110450129	0.0884817774	0.0666794405	0.0448081044	0.0204603581	0.0232359636	0.025508247	0.0228527899	0.0202344932	0.0237504769	0.0273287144	0.0334167525	0.0432432432	0.0853135225	0.0589670598	0.0784324012	0.0991869919	0.121261342	0.1439428835	0.148677279	0.1764774449	0.191473274	0.2064081727	0.246985388	0.2852422127	0.3222786948	0.3600323625	0.4044401377	0.4480226699	0.4866586616	0.5258552108
97.0297029703	0	0	0	0	0	0	0	0	0	0	0	0	0.0001422779	0.0002915027	0	0.0001604621	0.0017898236	0.0034879665	0.0157021086	0.0282949982	0.0957812961	0.1606197294	0.1708065314	0.1811825809	0.1869737243	0.1921182266	0.1449880046	0.0900257783	0.0684077178	0.0475186817	0.0307812196	0.0124223602	0.0159332322	0.0191791331	0.0163778328	0.0136157337	0.0161198016	0.0186682063	0.0232592375	0.0305305305	0.067961165	0.0422936153	0.0597555217	0.0783739837	0.0981852806	0.118608936	0.1218792945	0.145937755	0.1585528994	0.1711167866	0.2034075449	0.233727894	0.2630204614	0.2928802589	0.331813059	0.3701915388	0.4045495213	0.4394059931
99.0099009901	0	0	0	0	0	0	0	0	0	0	0	0	0	0	0	0	0.0014489048	0.0029647715	0.0097801705	0.0167944505	0.0672632511	0.1161011963	0.1299356754	0.1440271674	0.1525819215	0.1607142857	0.1142171691	0.0618679358	0.0465796141	0.0318068596	0.0218195987	0.0105955426	0.0131828528	0.0155350978	0.0123785946	0.0092662632	0.0106829454	0.0121247113	0.0170273321	0.0235235235	0.0529689428	0.0349735665	0.0484234825	0.0627642276	0.0780217318	0.0937356057	0.096570087	0.115398065	0.125399872	0.1353610402	0.1653205773	0.193874536	0.2216681659	0.25	0.2856395699	0.3209062705	0.3527440506	0.385043755
100.9900990099	0	0	0	0	0	0	0	0	0	0	0	0	0	0	0	0	0.0005113782	0.00104639	0.0054733064	0.0100401606	0.0522175238	0.0933516376	0.098367145	0.103475829	0.1079435934	0.1120689655	0.0828204861	0.0491770771	0.0343013058	0.0199271891	0.0131502046	0.0056631348	0.0070182094	0.0082470272	0.0064749572	0.0047276853	0.0063906906	0.0080831409	0.011335198	0.0164164164	0.041919219	0.024806832	0.0366717381	0.0493224932	0.0627870505	0.0766927683	0.0762425561	0.0898706143	0.0957948002	0.1016949153	0.1321710625	0.1618674618	0.1910877093	0.2208737864	0.2608855471	0.3009230873	0.3379416064	0.3754972156
102.9702970297	0	0	0	0	0	0	0	0	0	0	0	0	0	0	0	0	0.0002556891	0.000523195	0.0034096007	0.0063891931	0.03648343	0.0658952736	0.06956952	0.0733120256	0.0844070204	0.0954433498	0.0639407531	0.0293476105	0.0222178912	0.015328607	0.0097408923	0.0036536354	0.0054059181	0.0070962792	0.0047609979	0.0024583964	0.0031476536	0.0038491147	0.0068207468	0.0106106106	0.0265783404	0.0174867832	0.0247101411	0.0324119241	0.0406071469	0.0490557347	0.0530519927	0.065741928	0.0736346187	0.0814952403	0.1098628321	0.1377423257	0.165287316	0.1933656958	0.2188147776	0.2438872526	0.2663049992	0.2890479979
104.9504950495	0	0	0	0	0	0	0	0	0	0	0	0	0	0	0	0	0.0002556891	0.000523195	0.0019739794	0.0034684191	0.0237978169	0.0437340655	0.0480950025	0.0525369557	0.0597544892	0.0669129721	0.0442265568	0.0194328773	0.0140323524	0.008813949	0.0053574907	0.0016441359	0.0027503794	0.0038358266	0.0033326985	0.0028366112	0.0026707364	0.0025019246	0.0045144512	0.0064064064	0.0220994475	0.0103700691	0.0176276166	0.0253658537	0.0336059146	0.0421464763	0.0451213926	0.0568830866	0.0638632001	0.0708149524	0.0965028557	0.121802615	0.1468240943	0.1723300971	0.1963278933	0.2200449411	0.2413976687	0.2630601962
106.9306930693	0	0	0	0	0	0	0	0	0	0	0	0	0	0	0	0	0	0	0.0014356214	0.002920774	0.0169141509	0.0305942342	0.0318654132	0.0331602078	0.0421020595	0.0511083744	0.0328569938	0.0130874479	0.0090625609	0.0051734049	0.0033119034	0.0012787724	0.0016122914	0.0019179133	0.0012378595	0.0005673222	0.0015261351	0.0025019246	0.0036802591	0.0059059059	0.0170305208	0.0093533957	0.0145847542	0.0201626016	0.0261005937	0.0322432059	0.0329821347	0.0399813498	0.0435642413	0.0471325749	0.0722718969	0.0974316963	0.1225022376	0.1480582524	0.1679538958	0.1875782397	0.205170384	0.2230177672
108.9108910891	0	0	0	0	0	0	0	0	0	0	0	0	0	0	0	0	8.52296940253985E-005	0.0001743983	0.0004486317	0.0007301935	0.0092437801	0.0176505197	0.0221672439	0.0267678785	0.0294207162	0.0320197044	0.0200271201	0.007138608	0.0057493666	0.0044069745	0.0026300409	0.0007307271	0.0010432473	0.0013425393	0.0012378595	0.0011346445	0.0014307516	0.0017321016	0.0027969969	0.0042042042	0.0111838223	0.0067100447	0.0099155343	0.0133333333	0.0169709869	0.0207277752	0.0228756299	0.0289077981	0.0328040482	0.0366844671	0.0514854736	0.0661371989	0.0806625902	0.0954692557	0.1157695416	0.136206222	0.1553416495	0.174754707
110.8910891089	0	0	0	0	0	0	0	0	0	0	0	0	0	0	0	0	0	0	8.97263346792284E-005	0.0001825484	0.0053102567	0.0103941949	0.0133597229	0.0163803436	0.0197828954	0.0231937603	0.0140815688	0.0043624826	0.0031183005	0.0019160759	0.0011689071	0.0003653635	0.0009484067	0.0015343306	0.0009521996	0.0003782148	0.0006676841	0.0009622787	0.0015211738	0.0024024024	0.0079118168	0.0038633591	0.0064529668	0.0092140921	0.0121541391	0.0152003685	0.016462437	0.0208649027	0.0235560984	0.0262363594	0.0404511528	0.0546850063	0.068871811	0.0833333333	0.1010384272	0.118861967	0.1355496496	0.1524794484
112.8712871287	0	0	0	0	0	0	0	0	0	0	0	0	0	0	0	0	0.0001704594	0.0003487967	0.0001794527	0	0.0047202281	0.0094136105	0.0104898565	0.0115860967	0.011565385	0.0114942529	0.0078230938	0.0037675987	0.0026310661	0.0015328607	0.0007792714	0	0.0001896813	0.0003835827	0.0003808798	0.0003782148	0.0002861503	0.0001924557	0.0009814024	0.0017017017	0.005042107	0.003253355	0.004721683	0.0062872629	0.0079533998	0.0096729618	0.0112803481	0.0146870265	0.0170999826	0.0195031344	0.0346404265	0.0499503451	0.0652798246	0.0809061489	0.0917420556	0.10242821	0.1120038287	0.1217183771
114.8514851485	0	0	0	0	0	0	0	0	0	0	0	0	0	0	0	0	0	0	0	0	0.0019667617	0.0039223377	0.0045522019	0.0051937675	0.0074059044	0.0096469622	0.0052153958	0.000594884	0.0003897876	0.0001916076	9.74089226573154E-005	0	9.48406676783005E-005	0.0001917913	0.0001904399	0.0001891074	9.5383441434567E-005	0	0.000392561	0.0007007007	0.0048275492	0.0014233428	0.0033576413	0.0054200542	0.0076173407	0.0099032704	0.0101351351	0.0127054435	0.0140173326	0.0153238913	0.0271060254	0.0390199305	0.0509478752	0.0631067961	0.0763585428	0.0896934862	0.1021680753	0.1148236542
116.8316831683	0	0	0	0	0	0	0	0	0	0	0	0	0	0	0	0	0	0	0	0	0.0014750713	0.0029417533	0.0024740228	0.0019976029	0.0032464239	0.0045155993	0.0027120058	0.0007931787	0.0004872345	0.0001916076	0.0001948178	0.0001826818	0.0001896813	0.0001917913	0.0002856599	0.0003782148	0.0001907669	0	0.0004416311	0.0007007007	0.0032451859	0.0014233428	0.0025706941	0.0037940379	0.0050968971	0.0064486412	0.0065563445	0.0080428954	0.0087826441	0.009519387	0.0190904407	0.0288214224	0.0385879944	0.0485436893	0.058028267	0.0675472952	0.0764036461	0.0853884911
118.8118811881	0	0	0	0	0	0	0	0	0	0	0	0	0	0	0	0	0	0	0.0001794527	0.0003650968	0.0007867047	0.0011767013	0.0015833746	0.0019976029	0.0022319164	0.0024630542	0.0013560029	0.0001982947	0.0001948938	0.0001916076	9.74089226573154E-005	0	0	0	0.00009522	0.0001891074	0.0001907669	0.0001924557	0.0003434908	0.0005005005	0.0026551521	0.0008133388	0.0018362101	0.0029268293	0.0040887196	0.0052970981	0.004838525	0.0055950577	0.0056999942	0.0058045043	0.0125015519	0.0193259684	0.0261823601	0.033171521	0.0434913311	0.0539946389	0.0640498067	0.0742508618
120.7920792079	0	0	0	0	0	0	0	0	0	0	0	0	0	0	0	0	0	0	0	0	0.0001966762	0.0003922338	0.0008906482	0.001398322	0.0011159582	0.0008210181	0.0007301554	0.000594884	0.0002923407	0	0	0	0	0	0	0	0	0	0	0	0.000858231	0	0.0004197052	0.0008672087	0.0013442366	0.0018424689	0.0023476867	0.0033803474	0.0041295876	0.0048757836	0.0084650646	0.0120907402	0.0157189788	0.0194174757	0.0294334284	0.0397224349	0.0497539716	0.0599310528
122.7722772277	0	0	0	0	0	0	0	0	0	0	0	0	0	0	0	0	0	0	0	0	0	0	0.0001979218	0.0003995206	0.000811606	0.0012315271	0.0006258475	0	0	0	0	0	0	0	0	0	0	0	4.90701212031994E-005	0.0001001001	0.0015287239	0.0002033347	0.0008918735	0.0016260163	0.0024084239	0.0032243206	0.0027771415	0.00314722	0.0030826499	0.0030183422	0.0083888141	0.0138909738	0.0194322881	0.0250809061	0.0291256229	0.0331524844	0.0368359175	0.0405727924
124.7524752475	0	0	0	0	0	0	0	0	0	0	0	0	0	0	0	0	0	0	0	0	9.83380863408398E-005	0.0001961169	9.8960910440376E-005	0	0.0002029015	0.000410509	0.0002086158	0	0	0	0	0	0	0	0	0	0	0	4.90701212031994E-005	0.0001001001	0.0005632141	0.0002033347	0.0004197052	0.0006504065	0.0008961577	0.0011515431	0.001145213	0.0013987644	0.0015122434	0.0016252612	0.0049671508	0.0083955538	0.0118504106	0.0153721683	0.0197860508	0.0242696149	0.0285450542	0.0328825245
126.7326732673	0	0	0	0	0	0	0	0	0	0	0	0	0	0	0	0	0	0	0	0	9.83380863408398E-005	0.0001961169	0.0003958436	0.0005992809	0.000405803	0.0002052545	0.0001043079	0	0	0	0	0	0	0	0	0	0	0	0	0	0.0004291155	0	0.0002098526	0.0004336043	0.0006721183	0.0009212345	0.0009161704	0.001165637	0.0012795905	0.001393081	0.0032266212	0.0050985739	0.0069809002	0.0088996764	0.0131969257	0.017607099	0.0218989069	0.0262529833
128.7128712871	0	0	0	0	0	0	0	0	0	0	0	0	0	0	0	0	0	0	0	0	9.83380863408398E-005	0.0001961169	0.0001979218	0.0001997603	0.0002029015	0.0002052545	0.0001043079	0	9.74468914441629E-005	0.0001916076	9.74089226573154E-005	0	0	0	0.00009522	0.0001891074	9.5383441434567E-005	0	4.90701212031994E-005	0	2.68197178565681E-005	0	0	0	0	0	5.72606504809895E-005	0.0001165637	0.0001744896	0.0002321802	0.003300866	0.0064717487	0.0096773293	0.0129449838	0.0148426037	0.0167230918	0.0184260944	0.0201538054
130.6930693069	0	0	0	0	0	0	0	0	0	0	0	0	0	0	0	0	0	0	0	0	9.83380863408398E-005	0.0001961169	9.8960910440376E-005	0	0	0	0	0	9.74468914441629E-005	0.0001916076	0.0001948178	0.0001826818	0.0001896813	0.0001917913	0.0002856599	0.0003782148	0.0001907669	0	9.81402424063987E-005	0	0.000375476	0	0.0001573894	0.0003252033	0.0005040887	0.0006909258	0.0004867155	0.0004662548	0.0003489792	0.0002321802	0.0038859921	0.007662287	0.0114802614	0.0153721683	0.0157531942	0.016035854	0.0161054623	0.0161760806
132.6732673267	0	0	0	0	0	0	0	0	0	0	0	0	0	0	0	0	0	0	0	0	0	0	0	0	0	0	0	0	0	0	0	0	0	0	0	0	9.5383441434567E-005	0.0001924557	9.81402424063987E-005	0.0001001001	5.36394357131363E-005	0	0	0	0	0	0.0003435639	0.0006993822	0.0010469377	0.001393081	0.002446453	0.0035111895	0.0045769907	0.0056634304	0.0069257309	0.0081985413	0.0093942297	0.010607266
134.6534653465	0	0	0	0	0	0	0	0	0	0	0	0	0	0	0	0	0	0	0	0	0	0	0	0	0.0001014507	0.0002052545	0.0001043079	0	0	0	0	0	0	0	0.0001904399	0.0003782148	0.0001907669	0	9.81402424063987E-005	0	0.0002681972	0	0.0001049263	0.0002168022	0.0003360591	0.0004606172	0.0002863033	0.0002331274	0.0001163264	0	0.0009752103	0.0019842305	0.0030048868	0.0040453074	0.0051024122	0.0061735022	0.0071896948	0.0082206311
136.6336633663	0	0	0	0	0	0	0	0	0	0	0	0	0	0	0	0	0	0	0	0	0	0	0	0	0	0	0.0002086158	0.0003965893	0.0001948938	0	0	0	0	0	0	0	0	0	0	0	0	0	0	0	0	0	0.0001145213	0.0002331274	0.0003489792	0.0004643603	0.0019207226	0.003419191	0.004931202	0.0064724919	0.0064610979	0.0064011266	0.0062512396	0.0060991779
138.6138613861	0	0	0	0	0	0	0	0	0	0	0	0	0	0	0	0	0	0	0	0	0	0	0	0	0	0	0	0	0	0	0	0	0.0001896813	0.0003835827	0.0001904399	0	0	0	0	0	0	0	0	0	0	0	0	0	0	0	0.0007801682	0.0015873844	0.0024039095	0.003236246	0.0035826237	0.0039193837	0.0042116159	0.004508088
140.5940594059	0	0	0	0	0	0	0	0	0	0	0	0	0	0	0	0	0	0	0	0	0.0001966762	0.0003922338	0.0001979218	0	0	0	0	0	0	0	0	0	0	0	0.00009522	0.0001891074	9.5383441434567E-005	0	4.90701212031994E-005	0	2.68197178565681E-005	0	0	0	0	0	0	0	0	0	0.0009752103	0.0019842305	0.0030048868	0.0040453074	0.0037581267	0.0034289152	0.0030431642	0.0026518165
142.5742574257	0	0	0	0	0	0	0	0	0	0	0	0	0	0	0	0	0	0	0	0	0	0	0	0	0	0	0	0	0	0	0	0	0	0	0	0	0	0	0	0	0	0	0	0	0	0	5.72606504809895E-005	0.0001165637	0.0001744896	0.0002321802	0.0005702772	0.0009159033	0.0012636463	0.001618123	0.0022074002	0.0028092069	0.0033892579	0.0039777247
144.5544554455	0	0	0	0	0	0	0	0	0	0	0	0	0	0	0	0	0	0	0	0	0	0	0.0001979218	0.0003995206	0.0003043522	0.0002052545	0.0001043079	0	0.0001948938	0.0003832152	0.0001948178	0	0	0	0.00009522	0.0001891074	9.5383441434567E-005	0	9.81402424063987E-005	0.0001001001	5.36394357131363E-005	0.0002033347	0.0001573894	0.0001084011	5.60098577349614E-005	0	0.0002576729	0.0004662548	0.0006979585	0.0009287207	0.0007207724	0.0004888445	0.0002467661	0	0.0005761224	0.0011762516	0.0017770846	0.0023866348
146.5346534653	0	0	0	0	0	0	0	0	0	0	0	0	0	0	0	0	0	0	0	0	0	0	0	0	0	0	0	0	0	0	0	0	0	0	0.00009522	0.0001891074	9.5383441434567E-005	0	4.90701212031994E-005	0	0.0001340986	0	5.24631446408898E-005	0.0001084011	0.0001680296	0.0002303086	0.0001431516	0.0001165637	5.81632059559123E-005	0	0	0	0	0	0.0001920408	0.0003920839	0.0005923615	0.0007955449
148.5148514851	0	0	0	0	0	0	0	0	0	0	0	0	0	0	0	0	0	0	0	0	0	0	0	0	0	0	0	0	0	0	0.0001948178	0.0003653635	0.0001896813	0	0	0	0	0	0	0	0	0	0	0	0	0	5.72606504809895E-005	0.0001165637	0.0001744896	0.0002321802	0.0005702772	0.0009159033	0.0012636463	0.001618123	0.0012471963	0.0008487876	0.0004274503	0
150.495049505	0	0	0	0	0	0	0	0	0	0	0	0	0	0	0	0	0	0	0	0	0	0	0	0	0	0	0	0	0	0	0	0	0	0	0	0	0	0	0	0	0	0	0	0	0	0	0	0	0	0	0	0	0	0	0.0001280272	0.0002613892	0.0003949077	0.0005303633
152.4752475248	0	0	0	0	0	0	0	0	0	0	0	0	0	0	0	0	0	0	0	0	0	0	0	0	0	0	0	0	0	0	0	0	0	0	0.00009522	0.0001891074	9.5383441434567E-005	0	4.90701212031994E-005	0	2.68197178565681E-005	0	0	0	0	0	5.72606504809895E-005	0.0001165637	0.0001744896	0.0002321802	0.0001801931	0.0001222111	6.16915277530406E-005	0	0	0	0	0
154.4554455446	0	0	0	0	0	0	0	0	0	0	0	0	0	0	0	0	0	0	0	0	0	0	0	0	0.0002029015	0.000410509	0.0002086158	0	0	0	0	0	0	0	0	0	0	0	0	0	0	0	0	0	0	0	0	0	0	0	0.0001950421	0.0003968461	0.0006009774	0.0008090615	0.0007516253	0.000685783	0.0006086328	0.0005303633
156.4356435644	0	0	0	0	0	0	0	0	0	0	0	0	0	0	0	0	0	0	0	0	0	0	0	0	0	0	0	0	0	0	0	0	0	0	0	0	0	0	0	0	0	0	0	0	0	0	5.72606504809895E-005	0.0001165637	0.0001744896	0.0002321802	0.0001801931	0.0001222111	6.16915277530406E-005	0	0.0001280272	0.0002613892	0.0003949077	0.0005303633
158.4158415842	0	0	0	0	0	0	0	0	0	0	0	0	0	0	0	0	0	0	0	0	0	0	0	0	0	0	0	0	0	0	0	0	0	0	0	0	9.5383441434567E-005	0.0001924557	9.81402424063987E-005	0.0001001001	0.0001609183	0	5.24631446408898E-005	0.0001084011	0.0001680296	0.0002303086	0.0001431516	0.0001165637	5.81632059559123E-005	0	0	0	0	0	6.40135965345441E-005	0.0001306946	0.0001974538	0.0002651816
160.396039604	0	0	0	0	0	0	0	0	0	0	0	0	0	0	0	0	0	0	0	0	0	0	0	0	0.0001014507	0.0002052545	0.0001043079	0	0	0	0	0	0	0	0	0	0	0	0	0	0.0002145577	0	0.0001049263	0.0002168022	0.0003360591	0.0004606172	0.0003435639	0.0003496911	0.000290816	0.0002321802	0.0001801931	0.0001222111	6.16915277530406E-005	0	6.40135965345441E-005	0.0001306946	0.0001974538	0.0002651816
162.3762376238	0	0	0	0	0	0	0	0	0	0	0	0	0	0	0	0	0	0	0	0	0	0	0	0	0	0	0	0	0	0	0	0	0	0	0.0001904399	0.0003782148	0.0001907669	0	9.81402424063987E-005	0	5.36394357131363E-005	0	0	0	0	0	0.0001145213	0.0002331274	0.0003489792	0.0004643603	0.0007504703	0.0010381145	0.0013253378	0.001618123	0.0012471963	0.0008487876	0.0004274503	0
164.3564356436	0	0	0	0	0	0	0	0	0	0	0	0	0	0	0	0	0	0	0	0	0	0	0	0	0	0	0	0	0	0	0	0	0	0	0	0	0	0	0	0	0	0	0	0	0	0	0	0	0	0	0	0	0	0	0	0	0	0
166.3366336634	0	0	0	0	0	0	0	0	0	0	0	0	0	0	0	0	0	0	0	0	0	0	0	0	0	0	0	0	0	0	0	0	0	0	0	0	0	0	0	0	0.0001072789	0	5.24631446408898E-005	0.0001084011	0.0001680296	0.0002303086	0.0001431516	0.0001165637	5.81632059559123E-005	0	0	0	0	0	0	0	0	0
168.3168316832	0	0	0	0	0	0	0	0	0	0	0	0	0	0	0	0	0	0	0	0	0	0	0	0	0	0	0	0	0	0	0	0	0	0	0	0	0.0001907669	0.0003849115	0.0002453506	0.0003003003	0.0001340986	0.0002033347	0.0001573894	0.0001084011	5.60098577349614E-005	0	2.86303252404947E-005	0	0	0	0.0001950421	0.0003968461	0.0006009774	0.0008090615	0.0006235981	0.0004243938	0.0002137252	0
170.297029703	0	0	0	0	0	0	0	0	0	0	0	0	0	0	0	0	0	0	0	0	0	0	0	0	0	0	0	0	0	0	0	0	0	0	0	0	0	0	0	0	0	0	0	0	0	0	0	0	0	0	0.0003900841	0.0007936922	0.0012019547	0.001618123	0.0012471963	0.0008487876	0.0004274503	0
172.2772277228	0	0	0	0	0	0	0	0	0	0	0	0	0	0	0	0	0	0	0	0	0	0	0	0	0	0	0	0	0	0	0	0	0	0	0	0	0	0	9.81402424063987E-005	0.0002002002	5.36394357131363E-005	0.0004066694	0.0003147789	0.0002168022	0.0001120197	0	5.72606504809895E-005	0	0	0	0.0001950421	0.0003968461	0.0006009774	0.0008090615	0.0006235981	0.0004243938	0.0002137252	0
174.2574257426	0	0	0	0	0	0	0	0	0	0	0	0	0	0	0	0	0	0	0	0	0	0	0	0	0	0	0	0	0	0	0	0	0	0	0	0	0	0	0	0	0	0	0	0	0	0	0	0	0	0	0.0001950421	0.0003968461	0.0006009774	0.0008090615	0.0006235981	0.0004243938	0.0002137252	0
176.2376237624	0	0	0	0	0	0	0	0	0	0	0	0	0	0	0	0	0	0	0	0	0	0	0	0	0	0	0	0	0	0	0	0	0	0	0	0	0	0	0	0	0	0	0	0	0	0	0	0	0	0	0	0	0	0	6.40135965345441E-005	0.0001306946	0.0001974538	0.0002651816
178.2178217822	0	0	0	0	0	0	0	0	0	0	0	0	0	0	0	0	0	0	0	0	0	0	0	0	0	0	0	0	0	0	0	0	0	0	0	0	0	0	0	0	0	0	0	0	0	0	0	0	0	0	0.0001950421	0.0003968461	0.0006009774	0.0008090615	0.0006876117	0.0005550884	0.000411179	0.0002651816
180.198019802	0	0	0	0	0	0	0	0	0	0	0	0	0	0	0	0	0	0	0	0	0	0	0	0	0	0	0	0	0	0	0	0	0	0	0	0	0	0	0	0	0.0002145577	0	0.0001049263	0.0002168022	0.0003360591	0.0004606172	0.0002863033	0.0002331274	0.0001163264	0	0	0	0	0	6.40135965345441E-005	0.0001306946	0.0001974538	0.0002651816
182.1782178218	0	0	0	0	0	0	0	0	0	0	0	0	0	0	0	0	0	0	0	0	0	0	0	0	0	0	0	0	0	0	0	0	0	0	0	0	0	0	0	0	0	0	0	0	0	0	0	0	0	0	0	0	0	0	0	0	0	0
184.1584158416	0	0	0	0	0	0	0	0	0	0	0	0	0	0	0	0	0	0	0	0	0	0	0	0	0	0	0	0	0	0	0	0	0	0	0	0	0	0	0	0	0	0	0	0	0	0	0	0	0	0	0	0	0	0	0	0	0	0
186.1386138614	0	0	0	0	0	0	0	0	0	0	0	0	0	0	0	0	0	0	0	0	0	0	0	0	0	0	0	0	0	0	0	0	0	0	0	0	0	0	0	0	0	0	0	0	0	0	5.72606504809895E-005	0.0001165637	0.0001744896	0.0002321802	0.0003752352	0.0005190572	0.0006626689	0.0008090615	0.0006235981	0.0004243938	0.0002137252	0
188.1188118812	0	0	0	0	0	0	0	0	0	0	0	0	0	0	0	0	0	0	0	0	0	0	0	0	0	0	0	0	0	0	0	0	0	0	0	0	0	0	0	0	0	0	0	0	0	0	0	0	0	0	0	0	0	0	6.40135965345441E-005	0.0001306946	0.0001974538	0.0002651816
190.099009901	0	0	0	0	0	0	0	0	0	0	0	0	0	0	0	0	0	0	0	0	0	0	0	0	0	0	0	0	0	0	0	0	0	0	0	0	0	0	0	0	0	0	0	0	0	0	0	0	0	0	0.0003900841	0.0007936922	0.0012019547	0.001618123	0.0012471963	0.0008487876	0.0004274503	0
192.0792079208	0	0	0	0	0	0	0	0	0	0	0	0	0	0	0	0	0	0	0	0	0	0	0	0	0	0	0	0	0	0	0	0	0	0	0	0	0	0	0	0	0	0	0	0	0	0	0	0	0	0	0	0	0	0	0	0	0	0
194.0594059406	0	0	0	0	0	0	0	0	0	0	0	0	0	0	0	0	0	0	0	0	0	0	0	0	0	0	0	0	0	0	0	0	0	0	0	0	0	0	0	0	0	0	0	0	0	0	0	0	0	0	0	0	0	0	6.40135965345441E-005	0.0001306946	0.0001974538	0.0002651816
196.0396039604	0	0	0	0	0	0	0	0	0	0	0	0	0	0	0	0	0	0	0	0	0	0	0	0	0	0	0	0	0	0	0	0	0	0	0	0	0	0	0	0	0	0	0	0	0	0	0	0	0	0	0	0	0	0	0	0	0	0
198.0198019802	0	0	0	0	0	0	0	0	0	0	0	0	0	0	0	0	0	0	0	0	0	0	0	0	0	0	0	0	0	0	0	0	0	0	0	0	0	0	0	0	0	0	0	0	0	0	0	0	0	0	0	0	0	0	0	0	0	0
200	0	0	0	0	0	0	0	0	0	0	0	0	0	0	0	0	0	0	0	0	0	0	0	0	0	0	0	0	0	0	0	0	0	0	0	0	0	0	0	0	0	0	0	0	0	0	0	0	0	0	0	0	0	0	6.40135965345441E-005	0.0001306946	0.0001974538	0.0002651816
201.9801980198	0	0	0	0	0	0	0	0	0	0	0	0	0	0	0	0	0	0	0	0	0	0	0	0	0	0	0	0	0	0	0	0	0	0	0	0	0	0	0	0	0	0	0	0	0	0	0	0	0	0	0	0	0	0	0	0	0	0
203.9603960396	0	0	0	0	0	0	0	0	0	0	0	0	0	0	0	0	0	0	0	0	0	0	0	0	0	0	0	0	0	0	0	0	0	0	0	0	0	0	0	0	0	0	0	0	0	0	0	0	0	0	0	0	0	0	0	0	0	0
205.9405940594	0	0	0	0	0	0	0	0	0	0	0	0	0	0	0	0	0	0	0	0	0	0	0	0	0	0	0	0	0	0	0	0	0	0	0	0	0	0	0	0	0	0	0	0	0	0	0	0	0	0	0	0	0	0	0	0	0	0
207.9207920792	0	0	0	0	0	0	0	0	0	0	0	0	0	0	0	0	0	0	0	0	0	0	0	0	0	0	0	0	0	0	0	0	0	0	0	0	0	0	0	0	0	0	0	0	0	0	0	0	0	0	0	0	0	0	0	0	0	0
209.900990099	0	0	0	0	0	0	0	0	0	0	0	0	0	0	0	0	0	0	0	0	0	0	0	0	0	0	0	0	0	0	0	0	0	0	0	0	0	0	0	0	0	0	0	0	0	0	0	0	0	0	0	0	0	0	0	0	0	0
211.8811881188	0	0	0	0	0	0	0	0	0	0	0	0	0	0	0	0	0	0	0	0	0	0	0	0	0	0	0	0	0	0	0	0	0	0	0	0	0	0	0	0	0	0	0	0	0	0	0	0	0	0	0	0	0	0	0	0	0	0
213.8613861386	0	0	0	0	0	0	0	0	0	0	0	0	0	0	0	0	0	0	0	0	0	0	0	0	0	0	0	0	0	0	0	0	0	0	0	0	0	0	0	0	0	0	0	0	0	0	0	0	0	0	0	0	0	0	0	0	0	0
215.8415841584	0	0	0	0	0	0	0	0	0	0	0	0	0	0	0	0	0	0	0	0	0	0	0	0	0	0	0	0	0	0	0	0	0	0	0	0	0	0	0	0	0	0	0	0	0	0	0	0	0	0	0	0	0	0	0	0	0	0
217.8217821782	0	0	0	0	0	0	0	0	0	0	0	0	0	0	0	0	0	0	0	0	0	0	0	0	0	0	0	0	0	0	0	0	0	0	0	0	0	0	0	0	0	0	0	0	0	0	0	0	0	0	0	0	0	0	0	0	0	0
219.801980198	0	0	0	0	0	0	0	0	0	0	0	0	0	0	0	0	0	0	0	0	0	0	0	0	0	0	0	0	0	0	0	0	0	0	0	0	0	0	0	0	0	0	0	0	0	0	0	0	0	0	0	0	0	0	0	0	0	0
221.7821782178	0	0	0	0	0	0	0	0	0	0	0	0	0	0	0	0	0	0	0	0	0	0	0	0	0	0	0	0	0	0	0	0	0	0	0	0	0	0	0	0	0	0	0	0	0	0	0	0	0	0	0	0	0	0	0	0	0	0
223.7623762376	0	0	0	0	0	0	0	0	0	0	0	0	0	0	0	0	0	0	0	0	0	0	0	0	0	0	0	0	0	0	0	0	0	0	0	0	0	0	0	0	0	0	0	0	0	0	0	0	0	0	0	0	0	0	0	0	0	0
225.7425742574	0	0	0	0	0	0	0	0	0	0	0	0	0	0	0	0	0	0	0	0	0	0	0	0	0	0	0	0	0	0	0	0	0	0	0	0	0	0	0	0	0	0	0	0	0	0	0	0	0	0	0	0	0	0	0	0	0	0
227.7227722772	0	0	0	0	0	0	0	0	0	0	0	0	0	0	0	0	0	0	0	0	0	0	0	0	0	0	0	0	0	0	0	0	0	0	0	0	0	0	0	0	0	0	0	0	0	0	0	0	0	0	0	0	0	0	0	0	0	0
229.702970297	0	0	0	0	0	0	0	0	0	0	0	0	0	0	0	0	0	0	0	0	0	0	0	0	0	0	0	0	0	0	0	0	0	0	0	0	0	0	0	0	0	0	0	0	0	0	0	0	0	0	0	0	0	0	0	0	0	0
231.6831683168	0	0	0	0	0	0	0	0	0	0	0	0	0	0	0	0	0	0	0	0	0	0	0	0	0	0	0	0	0	0	0	0	0	0	0	0	0	0	0	0	0	0	0	0	0	0	0	0	0	0	0	0	0	0	0	0	0	0
233.6633663366	0	0	0	0	0	0	0	0	0	0	0	0	0	0	0	0	0	0	0	0	0	0	0	0	0	0	0	0	0	0	0	0	0	0	0	0	0	0	0	0	0	0	0	0	0	0	0	0	0	0	0	0	0	0	0	0	0	0
235.6435643564	0	0	0	0	0	0	0	0	0	0	0	0	0	0	0	0	0	0	0	0	0	0	0	0	0	0	0	0	0	0	0	0	0	0	0	0	0	0	0	0	0	0	0	0	0	0	0	0	0	0	0	0	0	0	0	0	0	0
237.6237623762	0	0	0	0	0	0	0	0	0	0	0	0	0	0	0	0	0	0	0	0	0	0	0	0	0	0	0	0	0	0	0	0	0	0	0	0	0	0	0	0	0	0	0	0	0	0	0	0	0	0	0	0	0	0	0	0	0	0
239.603960396	0	0	0	0	0	0	0	0	0	0	0	0	0	0	0	0	0	0	0	0	0	0	0	0	0	0	0	0	0	0	0	0	0	0	0	0	0	0	0	0	0	0	0	0	0	0	0	0	0	0	0	0	0	0	0	0	0	0
241.5841584158	0	0	0	0	0	0	0	0	0	0	0	0	0	0	0	0	0	0	0	0	0	0	0	0	0	0	0	0	0	0	0	0	0	0	0	0	0	0	0	0	0	0	0	0	0	0	0	0	0	0	0	0	0	0	0	0	0	0
243.5643564356	0	0	0	0	0	0	0	0	0	0	0	0	0	0	0	0	0	0	0	0	0	0	0	0	0	0	0	0	0	0	0	0	0	0	0	0	0	0	0	0	0	0	0	0	0	0	0	0	0	0	0	0	0	0	0	0	0	0
245.5445544554	0	0	0	0	0	0	0	0	0	0	0	0	0	0	0	0	0	0	0	0	0	0	0	0	0	0	0	0	0	0	0	0	0	0	0	0	0	0	0	0	0	0	0	0	0	0	0	0	0	0	0	0	0	0	0	0	0	0
247.5247524752	0	0	0	0	0	0	0	0	0	0	0	0	0	0	0	0	0	0	0	0	0	0	0	0	0	0	0	0	0	0	0	0	0	0	0	0	0	0	0	0	0	0	0	0	0	0	0	0	0	0	0	0	0	0	0	0	0	0
249.5049504951	0	0	0	0	0	0	0	0	0	0	0	0	0	0	0	0	0	0	0	0	0	0	0	0	0	0	0	0	0	0	0	0	0	0	0	0	0	0	0	0	0	0	0	0	0	0	0	0	0	0	0	0	0	0	0	0	0	0
251.4851485149	0	0	0	0	0	0	0	0	0	0	0	0	0	0	0	0	0	0	0	0	0	0	0	0	0	0	0	0	0	0	0	0	0	0	0	0	0	0	0	0	0	0	0	0	0	0	0	0	0	0	0	0	0	0	0	0	0	0
253.4653465347	0	0	0	0	0	0	0	0	0	0	0	0	0	0	0	0	0	0	0	0	0	0	0	0	0	0	0	0	0	0	0	0	0	0	0	0	0	0	0	0	0	0	0	0	0	0	0	0	0	0	0	0	0	0	0	0	0	0
255.4455445545	0	0	0	0	0	0	0	0	0	0	0	0	0	0	0	0	0	0	0	0	0	0	0	0	0	0	0	0	0	0	0	0	0	0	0	0	0	0	0	0	0	0	0	0	0	0	0	0	0	0	0	0	0	0	0	0	0	0
257.4257425743	0	0	0	0	0	0	0	0	0	0	0	0	0	0	0	0	0	0	0	0	0	0	0	0	0	0	0	0	0	0	0	0	0	0	0	0	0	0	0	0	0	0	0	0	0	0	0	0	0	0	0	0	0	0	0	0	0	0
259.4059405941	0	0	0	0	0	0	0	0	0	0	0	0	0	0	0	0	0	0	0	0	0	0	0	0	0	0	0	0	0	0	0	0	0	0	0	0	0	0	0	0	0	0	0	0	0	0	0	0	0	0	0	0	0	0	0	0	0	0
261.3861386139	0	0	0	0	0	0	0	0	0	0	0	0	0	0	0	0	0	0	0	0	0	0	0	0	0	0	0	0	0	0	0	0	0	0	0	0	0	0	0	0	0	0	0	0	0	0	0	0	0	0	0	0	0	0	0	0	0	0
263.3663366337	0	0	0	0	0	0	0	0	0	0	0	0	0	0	0	0	0	0	0	0	0	0	0	0	0	0	0	0	0	0	0	0	0	0	0	0	0	0	0	0	0	0	0	0	0	0	0	0	0	0	0	0	0	0	0	0	0	0
265.3465346535	0	0	0	0	0	0	0	0	0	0	0	0	0	0	0	0	0	0	0	0	0	0	0	0	0	0	0	0	0	0	0	0	0	0	0	0	0	0	0	0	0	0	0	0	0	0	0	0	0	0	0	0	0	0	0	0	0	0
267.3267326733	0	0	0	0	0	0	0	0	0	0	0	0	0	0	0	0	0	0	0	0	0	0	0	0	0	0	0	0	0	0	0	0	0	0	0	0	0	0	0	0	0	0	0	0	0	0	0	0	0	0	0	0	0	0	0	0	0	0
269.3069306931	0	0	0	0	0	0	0	0	0	0	0	0	0	0	0	0	0	0	0	0	0	0	0	0	0	0	0	0	0	0	0	0	0	0	0	0	0	0	0	0	0	0	0	0	0	0	0	0	0	0	0	0	0	0	0	0	0	0
271.2871287129	0	0	0	0	0	0	0	0	0	0	0	0	0	0	0	0	0	0	0	0	0	0	0	0	0	0	0	0	0	0	0	0	0	0	0	0	0	0	0	0	0	0	0	0	0	0	0	0	0	0	0	0	0	0	0	0	0	0
273.2673267327	0	0	0	0	0	0	0	0	0	0	0	0	0	0	0	0	0	0	0	0	0	0	0	0	0	0	0	0	0	0	0	0	0	0	0	0	0	0	0	0	0	0	0	0	0	0	0	0	0	0	0	0	0	0	0	0	0	0
275.2475247525	0	0	0	0	0	0	0	0	0	0	0	0	0	0	0	0	0	0	0	0	0	0	0	0	0	0	0	0	0	0	0	0	0	0	0	0	0	0	0	0	0	0	0	0	0	0	0	0	0	0	0	0	0	0	0	0	0	0
277.2277227723	0	0	0	0	0	0	0	0	0	0	0	0	0	0	0	0	0	0	0	0	0	0	0	0	0	0	0	0	0	0	0	0	0	0	0	0	0	0	0	0	0	0	0	0	0	0	0	0	0	0	0	0	0	0	0	0	0	0
279.2079207921	0	0	0	0	0	0	0	0	0	0	0	0	0	0	0	0	0	0	0	0	0	0	0	0	0	0	0	0	0	0	0	0	0	0	0	0	0	0	0	0	0	0	0	0	0	0	0	0	0	0	0	0	0	0	0	0	0	0
281.1881188119	0	0	0	0	0	0	0	0	0	0	0	0	0	0	0	0	0	0	0	0	0	0	0	0	0	0	0	0	0	0	0	0	0	0	0	0	0	0	0	0	0	0	0	0	0	0	0	0	0	0	0	0	0	0	0	0	0	0
283.1683168317	0	0	0	0	0	0	0	0	0	0	0	0	0	0	0	0	0	0	0	0	0	0	0	0	0	0	0	0	0	0	0	0	0	0	0	0	0	0	0	0	0	0	0	0	0	0	0	0	0	0	0	0	0	0	0	0	0	0
285.1485148515	0	0	0	0	0	0	0	0	0	0	0	0	0	0	0	0	0	0	0	0	0	0	0	0	0	0	0	0	0	0	0	0	0	0	0	0	0	0	0	0	0	0	0	0	0	0	0	0	0	0	0	0	0	0	0	0	0	0
287.1287128713	0	0	0	0	0	0	0	0	0	0	0	0	0	0	0	0	0	0	0	0	0	0	0	0	0	0	0	0	0	0	0	0	0	0	0	0	0	0	0	0	0	0	0	0	0	0	0	0	0	0	0	0	0	0	0	0	0	0
289.1089108911	0	0	0	0	0	0	0	0	0	0	0	0	0	0	0	0	0	0	0	0	0	0	0	0	0	0	0	0	0	0	0	0	0	0	0	0	0	0	0	0	0	0	0	0	0	0	0	0	0	0	0	0	0	0	0	0	0	0
291.0891089109	0	0	0	0	0	0	0	0	0	0	0	0	0	0	0	0	0	0	0	0	0	0	0	0	0	0	0	0	0	0	0	0	0	0	0	0	0	0	0	0	0	0	0	0	0	0	0	0	0	0	0	0	0	0	0	0	0	0
293.0693069307	0	0	0	0	0	0	0	0	0	0	0	0	0	0	0	0	0	0	0	0	0	0	0	0	0	0	0	0	0	0	0	0	0	0	0	0	0	0	0	0	0	0	0	0	0	0	0	0	0	0	0	0	0	0	0	0	0	0
295.0495049505	0	0	0	0	0	0	0	0	0	0	0	0	0	0	0	0	0	0	0	0	0	0	0	0	0	0	0	0	0	0	0	0	0	0	0	0	0	0	0	0	0	0	0	0	0	0	0	0	0	0	0	0	0	0	0	0	0	0
297.0297029703	0	0	0	0	0	0	0	0	0	0	0	0	0	0	0	0	0	0	0	0	0	0	0	0	0	0	0	0	0	0	0	0	0	0	0	0	0	0	0	0	0	0	0	0	0	0	0	0	0	0	0	0	0	0	0	0	0	0
299.0099009901	0	0	0	0	0	0	0	0	0	0	0	0	0	0	0	0	0	0	0	0	0	0	0	0	0	0	0	0	0	0	0	0	0	0	0	0	0	0	0	0	0	0	0	0	0	0	0	0	0	0	0	0	0	0	0	0	0	0
300.9900990099	0	0	0	0	0	0	0	0	0	0	0	0	0	0	0	0	0	0	0	0	0	0	0	0	0	0	0	0	0	0	0	0	0	0	0	0	0	0	0	0	0	0	0	0	0	0	0	0	0	0	0	0	0	0	0	0	0	0
